[
    {
        "type": "feature",
        "category": "ApplicationAutoScaling",
        "description": "This SDK update contains support for Target Tracking scaling for EC2 Spot Fleet. It allows you to scale an EC2 Spot Fleet using a Target Tracking scaling policy."
    },
    {
        "type": "feature",
        "category": "DMS",
        "description": "Support for migration task assessment. Support for data validation after the migration."
    },
    {
        "type": "feature",
        "category": "RDS",
        "description": "Amazon RDS now supports importing MySQL databases by using backup files from Amazon S3."
    },
    {
        "type": "feature",
        "category": "S3",
        "description": "Added ORC to the supported S3 Inventory formats."
    }
]