[
    {
        "type": "bugfix",
        "category": "S3",
        "description": "Reverts default signatureVersion for S3 presigned URLs to the lowest signatureVersion the region supports. 2.150.0 changed the default signatureVersion of all presigned URLs to v4. This change does not affect S3 clients that had the signatureVersion explicitly defined."
    },
    {
        "type": "feature",
        "category": "ApplicationAutoScaling",
        "description": "Application Auto Scaling now supports automatic scaling of Amazon Aurora replicas"
    },
    {
        "type": "feature",
        "category": "EC2",
        "description": "You are now able to create and launch EC2 x1e smaller instance sizes"
    },
    {
        "type": "feature",
        "category": "Glue",
        "description": "API update for AWS Glue. New crawler configuration attribute enables customers to specify crawler behavior. New XML classifier enables classification of XML data."
    },
    {
        "type": "feature",
        "category": "Organizations",
        "description": "This release adds APIs that you can use to enable and disable integration with AWS services designed to work with AWS Organizations. This integration allows the AWS service to perform operations on your behalf on all of the accounts in your organization. Although you can use these APIs yourself, we recommend that you instead use the commands provided in the other AWS service to enable integration with AWS Organizations."
    },
    {
        "type": "feature",
        "category": "Route53",
        "description": "You can use Route 53's GetAccountLimit/GetHostedZoneLimit/GetReusableDelegationSetLimit APIs to view your current limits (including custom set limits) on Route 53 resources such as hosted zones and health checks. These APIs also return the number of each resource you're currently using to enable comparison against your current limits."
    }
]