[
    {
        "type": "feature",
        "category": "MediaConvert",
        "description": "AWS Elemental MediaConvert is a file-based video conversion service that transforms media into formats required for traditional broadcast and for internet streaming to multi-screen devices."
    },
    {
        "type": "feature",
        "category": "MediaLive",
        "description": "AWS Elemental MediaLive is a video service that lets you easily create live outputs for broadcast and streaming delivery."
    },
    {
        "type": "feature",
        "category": "MediaPackage",
        "description": "AWS Elemental MediaPackage is a just-in-time video packaging and origination service that lets you format highly secure and reliable live outputs for a variety of devices."
    },
    {
        "type": "feature",
        "category": "MediaStore",
        "description": "AWS Elemental MediaStore is an AWS storage service optimized for media. It gives you the performance, consistency, and low latency required to deliver live and on-demand video content. AWS Elemental MediaStore acts as the origin store in your video workflow."
    },
    {
        "type": "feature",
        "category": "MediaStoreData",
        "description": "AWS Elemental MediaStore is an AWS storage service optimized for media. It gives you the performance, consistency, and low latency required to deliver live and on-demand video content. AWS Elemental MediaStore acts as the origin store in your video workflow."
    }
]