[
    {
        "type": "feature",
        "category": "APIGateway",
        "description": "Added support Private Integration and VPC Link features in API Gateway. This allows to create an API with the API Gateway private integration, thus providing clients access to HTTP/HTTPS resources in an Amazon VPC from outside of the VPC through a VpcLink resource."
    },
    {
        "type": "feature",
        "category": "AlexaForBusiness",
        "description": "Alexa for Business is now generally available for production use. Alexa for Business makes it easy for you to use Alexa in your organization. The Alexa for Business SDK gives you APIs to manage Alexa devices, enroll users, and assign skills at scale. For more information about Alexa for Business, go to https://aws.amazon.com/alexaforbusiness "
    },
    {
        "type": "feature",
        "category": "Cloud9",
        "description": "Adds support for creating and managing AWS Cloud9 development environments. AWS Cloud9 is a cloud-based integrated development environment (IDE) that you use to write, run, and debug code."
    },
    {
        "type": "feature",
        "category": "EC2",
        "description": "Adds the following updates: 1. Spread Placement ensures that instances are placed on distinct hardware in order to reduce correlated failures. 2. Inter-region VPC Peering allows customers to peer VPCs across different AWS regions without requiring additional gateways, VPN connections or physical hardware "
    },
    {
        "type": "feature",
        "category": "Lambda",
        "description": "AWS Lambda now supports the ability to set the concurrency limits for individual functions, and increasing memory to 3008 MB."
    },
    {
        "type": "feature",
        "category": "ServerlessApplicationRepository",
        "description": "First release of the AWS Serverless Application Repository SDK"
    }
]
