[
    {
        "type": "feature",
        "category": "CognitoIdentityServiceProvider",
        "description": "Exposing the hosted UI domain name for a user pool that has a domain configured."
    },
    {
        "type": "feature",
        "category": "LexModelBuildingService",
        "description": "The GetBotChannelAssociation API now returns the status and failure reason, if any, for a bot channel."
    },
    {
        "type": "feature",
        "category": "SageMaker",
        "description": "CreateModel API Update:  The request parameter 'ExecutionRoleArn' has changed from optional to required."
    }
]