[
    {
        "type": "feature",
        "category": "Glue",
        "description": "This new feature will now allow customers to add a customized json classifier. They can specify a json path to indicate the object, array or field of the json documents they'd like crawlers to inspect when they crawl json files. "
    },
    {
        "type": "feature",
        "category": "SSM",
        "description": "This Patch Manager release supports configuring Linux repos as part of patch baselines, controlling updates of non-OS security packages and also creating patch baselines for SUSE12"
    },
    {
        "type": "feature",
        "category": "ServiceCatalog",
        "description": "This release of Service Catalog adds SearchProvisionedProducts API and ProvisionedProductPlan APIs."
    },
    {
        "type": "feature",
        "category": "ServiceDiscovery",
        "description": "This release adds support for registering CNAME record types and creating Route 53 alias records that route traffic to Amazon Elastic Load Balancers using Amazon Route 53 Auto Naming APIs."
    }
]