[
    {
        "type": "feature",
        "category": "AutoScaling",
        "description": "Amazon EC2 Auto Scaling support for service-linked roles"
    },
    {
        "type": "feature",
        "category": "WAF",
        "description": "The new PermissionPolicy APIs in AWS WAF Regional allow customers to attach resource-based policies to their entities."
    },
    {
        "type": "feature",
        "category": "WAFRegional",
        "description": "The new PermissionPolicy APIs in AWS WAF Regional allow customers to attach resource-based policies to their entities."
    }
]