[
    {
        "type": "feature",
        "category": "AppStream",
        "description": "Adds support for allowing customers to provide a redirect URL for a stack. Users will be redirected to the link provided by the admin at the end of their streaming session. "
    },
    {
        "type": "feature",
        "category": "Budgets",
        "description": "Making budgetLimit and timePeriod optional, and updating budgets docs. "
    },
    {
        "type": "feature",
        "category": "DMS",
        "description": "This release includes the addition of two new APIs: describe replication instance task logs and reboot instance. The first allows user to see how much storage each log for a task on a given instance is occupying. The second gives users the option to reboot the application software on the instance and force a fail over for MAZ instances to test robustness of their integration with our service. "
    },
    {
        "type": "feature",
        "category": "DirectoryService",
        "description": "Updated the regex of some input parameters to support longer EC2 identifiers."
    },
    {
        "type": "feature",
        "category": "DynamoDB",
        "description": "Amazon DynamoDB now supports server-side encryption using a default service key (alias/aws/dynamodb) from the AWS Key Management Service (KMS). AWS KMS is a service that combines secure, highly available hardware and software to provide a key management system scaled for the cloud. AWS KMS is used via the AWS Management Console or APIs to centrally create encryption keys, define the policies that control how keys can be used, and audit key usage to prove they are being used correctly. For more information, see the Amazon DynamoDB Developer Guide."
    },
    {
        "type": "feature",
        "category": "GameLift",
        "description": "Amazon GameLift FlexMatch added the StartMatchBackfill API.  This API allows developers to add new players to an existing game session using the same matchmaking rules and player data that were used to initially create the session."
    },
    {
        "type": "feature",
        "category": "MediaLive",
        "description": "AWS Elemental MediaLive has added support for updating channel settings for idle channels. You can now update channel name, channel outputs and output destinations, encoder settings, user role ARN, and input specifications. Channel settings can be updated in the console or with API calls. Please note that running channels need to be stopped before they can be updated. We've also deprecated the 'Reserved' field."
    },
    {
        "type": "feature",
        "category": "MediaStore",
        "description": "AWS Elemental MediaStore now supports per-container CORS configuration."
    }
]