[
    {
        "type": "feature",
        "category": "CognitoIdentityServiceProvider",
        "description": "Support for user migration using AWS Lambda trigger. Support to obtain signing certificate for user pools."
    },
    {
        "type": "feature",
        "category": "EC2",
        "description": "Network interfaces now supply the following additional status of \"associated\" to better distinguish the current status."
    },
    {
        "type": "feature",
        "category": "GuardDuty",
        "description": "Added PortProbeAction information to the Action section of the port probe-type finding."
    },
    {
        "type": "feature",
        "category": "KMS",
        "description": "This release of AWS Key Management Service includes support for InvalidArnException in the RetireGrant API."
    }
]