[
    {
        "type": "feature",
        "category": "GameLift",
        "description": "Updates to allow Fleets to run on On-Demand or Spot instances."
    },
    {
        "type": "feature",
        "category": "MediaConvert",
        "description": "Nielsen ID3 tags can now be inserted into transport stream (TS) and HLS outputs. For more information on Nielsen configuration you can go to https://docs.aws.amazon.com/mediaconvert/latest/apireference/jobs.html#jobs-nielsenconfiguration"
    }
]