[
    {
        "type": "feature",
        "category": "CloudWatchEvents",
        "description": "Added BatchParameters to the PutTargets API"
    },
    {
        "type": "feature",
        "category": "EC2",
        "description": "Added support for modifying Placement Group association of instances via ModifyInstancePlacement API."
    },
    {
        "type": "feature",
        "category": "SSM",
        "description": "This Inventory release supports the status message details reported by the last sync for the resource data sync API."
    },
    {
        "type": "feature",
        "category": "ServiceCatalog",
        "description": "This release of ServiceCatalog adds the DeleteTagOption API."
    },
    {
        "type": "feature",
        "category": "StorageGateway",
        "description": "AWS Storage Gateway (File) support for two new file share attributes are added.           1. Users can specify the S3 Canned ACL to use for new objects created in the file share.         2. Users can create file shares for requester-pays buckets."
    }
]