[
    {
        "type": "feature",
        "category": "AppStream",
        "description": "Feedback URL allows admins to provide a feedback link or a survey link for collecting user feedback while streaming sessions. When a feedback link is provided, streaming users will see a \"Send Feedback\" choice in their streaming session toolbar. On selecting this choice, user will be redirected to the link provided in a new browser tab. If a feedback link is not provided, users will not see the \"Send Feedback\" option. "
    },
    {
        "type": "feature",
        "category": "CodeBuild",
        "description": "Adding support for branch filtering when using webhooks with AWS CodeBuild. "
    },
    {
        "type": "feature",
        "category": "ECS",
        "description": "Amazon Elastic Container Service (ECS) now includes integrated Service Discovery using Route 53 Auto Naming. Customers can now specify a Route 53 Auto Naming service as part of an ECS service. ECS will register task IPs with Route 53, making them available via DNS in your VPC."
    }
]