[
    {
        "type": "feature",
        "category": "Firehose",
        "description": "With this release, Amazon Kinesis Data Firehose allows you to tag your delivery streams. Tags are metadata that you can create and use to manage your delivery streams. For more information about tagging, see AWS Tagging Strategies. For technical documentation, look for the tagging operations in the Amazon Kinesis Firehose API reference."
    },
    {
        "type": "feature",
        "category": "MediaLive",
        "description": "With AWS Elemental MediaLive you can now output live channels as RTMP (Real-Time Messaging Protocol) and RTMPS as the encrypted version of the protocol (Secure, over SSL/TLS). RTMP is the preferred protocol for sending live streams to popular social platforms which  means you can send live channel content to social and sharing platforms in a secure and reliable way while continuing to stream to your own website, app or network."
    }
]