[
    {
        "type": "feature",
        "category": "DeviceFarm",
        "description": "Added Private Device Management feature. Customers can now manage their private devices efficiently - view their status, set labels and apply profiles on them. Customers can also schedule automated tests and remote access sessions on individual instances in their private device fleet."
    },
    {
        "type": "feature",
        "category": "Lambda",
        "description": "added nodejs8.10 as a valid runtime"
    },
    {
        "type": "feature",
        "category": "Translate",
        "description": "This release increases the maximum size of input text to 5,000 bytes. Amazon Translate now supports automatic language detection of the input text. The translation models have been improved to increase accuracy. See the documentation for more information."
    }
]