[
    {
        "type": "feature",
        "category": "DMS",
        "description": "Native Change Data Capture start point and task recovery support in Database Migration Service.  "
    },
    {
        "type": "feature",
        "category": "Glue",
        "description": "\"AWS Glue now supports timeout values for ETL jobs. With this release, all new ETL jobs have a default timeout value of 48 hours. AWS Glue also now supports the ability to start a schedule or job events trigger when it is created.\""
    },
    {
        "type": "feature",
        "category": "MediaPackage",
        "description": "Adds a new OriginEndpoint package type CmafPackage in MediaPackage. Origin endpoints can now be configured to use the Common Media Application Format (CMAF) media streaming format. This version of CmafPackage only supports HTTP Live Streaming (HLS) manifests with fragmented MP4."
    },
    {
        "type": "feature",
        "category": "SSM",
        "description": "Added TooManyUpdates exception for AddTagsToResource and RemoveTagsFromResource API"
    },
    {
        "type": "feature",
        "category": "WorkMail",
        "description": "Amazon WorkMail adds the ability to grant users and groups with \"Full Access\", \"Send As\" and \"Send on Behalf\" permissions on a given mailbox."
    }
]