[
    {
        "type": "feature",
        "category": "AlexaForBusiness",
        "description": "This release adds the new Device status \"DEREGISTERED\". This release also adds DEVICE_STATUS as the new DeviceEventType."
    },
    {
        "type": "feature",
        "category": "Budgets",
        "description": "\"With this release, customers can use AWS Budgets to monitor how much of their Amazon EC2, Amazon RDS, Amazon Redshift, and Amazon ElastiCache instance usage is covered by reservations, and receive alerts when their coverage falls below the threshold they define.\""
    },
    {
        "type": "feature",
        "category": "ES",
        "description": "This change brings support for Reserved Instances to AWS Elasticsearch."
    },
    {
        "type": "feature",
        "category": "S3",
        "description": "Added BytesReturned details for Progress and Stats Events for Amazon S3 Select . "
    }
]