[
    {
        "type": "feature",
        "category": "CodePipeline",
        "description": "Added support for webhooks with accompanying definitions as needed in the AWS CodePipeline API Guide."
    },
    {
        "type": "feature",
        "category": "EC2",
        "description": "Amazon EC2 Fleet is a new feature that simplifies the provisioning of Amazon EC2 capacity across different EC2 instance types, Availability Zones, and the On-Demand, Reserved Instance, and Spot Instance purchase models. With a single API call, you can now provision capacity to achieve desired scale, performance, and cost."
    },
    {
        "type": "feature",
        "category": "SSM",
        "description": "Added support for new parameter, DocumentVersion, for SendCommand API. Users can now specify version of SSM document to be executed on the target(s)."
    }
]