[
    {
        "type": "feature",
        "category": "CostExplorer",
        "description": "Cost Explorer API is providing programmatic access to RI saving metrics to enable customers to optimize their reservations."
    },
    {
        "type": "feature",
        "category": "Polly",
        "description": "Amazon Polly adds new French voice - \"Lea\""
    },
    {
        "type": "feature",
        "category": "RDS",
        "description": "This release adds customizable processor features for RDS instances."
    },
    {
        "type": "feature",
        "category": "Shield",
        "description": "DDoS Response Team access management for AWS Shield"
    }
]