[
    {
        "type": "feature",
        "category": "DeviceFarm",
        "description": "Adding VPCEndpoint support for Remote access. Allows customers to be able to access their private endpoints/services running in their VPC during remote access."
    },
    {
        "type": "feature",
        "category": "ECS",
        "description": "Introduces daemon scheduling capability to deploy one task per instance on selected instances in a cluster.  Adds a \"force\" flag to the DeleteService API to delete a service without requiring to scale down the number of tasks to zero."
    },
    {
        "type": "feature",
        "category": "S3",
        "description": "Adds support for S3 Select."
    }
]