[
    {
        "type": "feature",
        "category": "Inspector",
        "description": "Introduce four new APIs to view and preview Exclusions.  Exclusions show which intended security checks are excluded from an assessment, along with reasons and recommendations to fix.  The APIs are CreateExclusionsPreview, GetExclusionsPreview, ListExclusions, and DescribeExclusions."
    },
    {
        "type": "feature",
        "category": "S3",
        "description": "Add AllowQuotedRecordDelimiter to Amazon S3 Select API. Please refer to https://docs.aws.amazon.com/AmazonS3/latest/API/RESTObjectSELECTContent.html for usage details."
    },
    {
        "type": "feature",
        "category": "SecretsManager",
        "description": "This release adds support for resource-based policies that attach directly to your secrets. These policies provide an additional way to control who can access your secrets and what they can do with them. For more information, see https://docs.aws.amazon.com/secretsmanager/latest/userguide/auth-and-access_resource-based-policies.html in the Secrets Manager User Guide."
    }
]