[
    {
        "type": "feature",
        "category": "ACM",
        "description": "Adds a \"CertificateValidated\" waiter to AWS Certificate Manager clients, which polls on a new certificate's validation state."
    },
    {
        "type": "feature",
        "category": "EC2",
        "description": "Added support for customers to tag EC2 Dedicated Hosts"
    },
    {
        "type": "feature",
        "category": "Redshift",
        "description": "Feature 1 - On-demand cluster release version - When Amazon Redshift releases a new cluster version, you can choose to upgrade to that version immediately instead of waiting until your next maintenance window. You can also choose to roll back to a previous version. The two new APIs added for managing cluster release version are - ModifyClusterDbRevision, DescribeClusterDbRevisions. Feature 2 - Upgradeable reserved instance - You can now exchange one Reserved Instance for a new Reserved Instance with no changes to the terms of your existing Reserved Instance (term, payment type, or number of nodes). The two new APIs added for managing these upgrades are - AcceptReservedNodeExchange, GetReservedNodeExchangeOfferings. "
    }
]