[
    {
        "type": "feature",
        "category": "Macie",
        "description": "Amazon Macie is a security service that uses machine learning to automatically discover, classify, and protect sensitive data in AWS. With this release, we are launching the following Macie HTTPS API operations: AssociateMemberAccount, AssociateS3Resources, DisassociateMemberAccount, DisassociateS3Resources, ListMemberAccounts, ListS3Resources, and UpdateS3Resources. With these API operations you can issue HTTPS requests directly to the service."
    },
    {
        "type": "feature",
        "category": "Neptune",
        "description": "Deprecates the PubliclyAccessible parameter that is not supported by Amazon Neptune."
    },
    {
        "type": "feature",
        "category": "SSM",
        "description": "Adds Amazon Linux 2 support to Patch Manager"
    }
]