[
    {
        "type": "bugfix",
        "category": "browser",
        "description": "Fixed an issue with the browser XML parser logic where the incorrect value may be returned if a complex shape (map, structure) had an immediate child and a nested descendant with the same tag name."
    },
    {
        "type": "feature",
        "category": "CORS",
        "description": "The SecretsManager service supports CORS. This change adds the service to the browser version of the SDK by default."
    },
    {
        "type": "feature",
        "category": "Pinpoint",
        "description": "This release of the Amazon Pinpoint SDK adds the ability to create complex segments and validate phone numbers for SMS messages. It also adds the ability to get or delete endpoints based on user IDs, remove attributes from endpoints, and list the defined channels for an app."
    },
    {
        "type": "feature",
        "category": "SageMaker",
        "description": "Amazon SageMaker NotebookInstances supports 'Updating' as a NotebookInstanceStatus.  In addition, DescribeEndpointOutput now includes Docker repository digest of deployed Model images."
    }
]