[
    {
        "type": "feature",
        "category": "IoTAnalytics",
        "description": "This change allows publishing of channel/datastore size as part of the describe-channel/describe-datastore APIs. We introduce an optional boolean parameter 'includeStatistics' in the Describe request. If the user sets this parameter to true, the describe response will return the resource size and timestamp at which the size was recorded. If the parameter is set to false, the size won't be computed or returned."
    },
    {
        "type": "feature",
        "category": "serviceId",
        "description": "add service id to all current clients. It will be used as unique identifier for service clients"
    }
]