[
    {
        "type": "feature",
        "category": "AppSync",
        "description": "This release adds support for configuring HTTP  endpoints as data sources for your AWS AppSync GraphQL API."
    },
    {
        "type": "feature",
        "category": "CodeBuild",
        "description": "Update CodeBuild CreateProject API - serviceRole is a required input "
    },
    {
        "type": "feature",
        "category": "DLM",
        "description": "Amazon Data Lifecycle Manager (DLM) for EBS Snapshots provides a simple, automated way to back up data stored on Amazon EBS volumes. You can define backup and retention schedules for EBS snapshots by creating lifecycle policies based on tags. With this feature, you no longer have to rely on custom scripts to create and manage your backups. This feature is now available in the US East (N. Virginia), US West (Oregon), and Europe (Ireland) AWS regions at no additional cost."
    },
    {
        "type": "feature",
        "category": "EFS",
        "description": "Amazon EFS now allows you to instantly provision the throughput required for your applications independent of the amount of data stored in your file system, allowing you to optimize throughput for your applications performance needs. Starting today, you can provision the throughput your applications require quickly with a few simple steps using AWS Console, AWS CLI or AWS API to achieve consistent performance."
    },
    {
        "type": "feature",
        "category": "IAM",
        "description": "SDK release to support IAM delegated administrator feature. The feature lets customers attach permissions boundary to IAM principals. The IAM principals cannot operate exceeding the permission specified in permissions boundary."
    }
]