[
    {
        "type": "feature",
        "category": "CloudWatchLogs",
        "description": "Documentation Update"
    },
    {
        "type": "feature",
        "category": "CodeBuild",
        "description": "Release semantic versioning feature for CodeBuild"
    },
    {
        "type": "feature",
        "category": "EC2",
        "description": "Amazon VPC Flow Logs adds support for delivering flow logs directly to S3"
    },
    {
        "type": "feature",
        "category": "Pinpoint",
        "description": "This release includes a new batch API call for Amazon Pinpoint which can be used to update endpoints and submit events. This call will accept events from clients such as mobile devices and AWS SDKs. This call will accept requests which has multiple endpoints and multiple events attached to those endpoints in a single call. This call will update the endpoints attached and will ingest events for those endpoints. The response from this call will be a multipart response per endpoint/per event submitted."
    },
    {
        "type": "feature",
        "category": "SSM",
        "description": "Two new filters ExecutionStage and DocumentName will be added to ListCommands so that customers will have more approaches to query their commands."
    }
]