[
    {
        "type": "feature",
        "category": "CodeBuild",
        "description": "Add artifacts encryptionDisabled and build encryptionKey."
    },
    {
        "type": "feature",
        "category": "EC2",
        "description": "This change provides the EC2/Spot customers with two new allocation strategies -- LowestN for Spot instances, and OD priority for on-demand instances."
    },
    {
        "type": "feature",
        "category": "Inspector",
        "description": "inspector will return ServiceTemporarilyUnavailableException when service is under stress"
    },
    {
        "type": "feature",
        "category": "Redshift",
        "description": "When we make a new version of Amazon Redshift available, we update your cluster during its maintenance window. By selecting a maintenance track, you control whether we update your cluster with the most recent approved release, or with the previous release. The two values for maintenance track are current and trailing. If you choose the current track, your cluster is updated with the latest approved release. If you choose the trailing track, your cluster is updated with the release that was approved previously.The new API operation for managing maintenance tracks for a cluster is DescribeClusterTracks. In addition, the following API operations have new MaintenanceTrackName parameters:  Cluster,  PendingModifiedValues,  ModifyCluster,  RestoreFromClusterSnapshot,  CreateCluster,  Snapshot"
    },
    {
        "type": "feature",
        "category": "SSM",
        "description": "This release updates AWS Systems Manager APIs to allow customers to attach labels to history parameter records and reference history parameter records via labels.  It also adds Parameter Store integration with AWS Secrets Manager to allow referencing and retrieving AWS Secrets Manager's secrets from Parameter Store."
    }
]