[
    {
        "type": "feature",
        "category": "EC2",
        "description": "R5 is the successor to R4 in EC2's memory-optimized instance family. R5d is a variant of R5 that has local NVMe SSD. Z1d instances deliver both high compute and high memory. Z1d instances use custom Intel Xeon Scalable Processors running at up to 4.0 GHz, powered by sustained all-core Turbo Boost. They are available in 6 sizes, with up to 48 vCPUs, 384 GiB of memory, and 1.8 TB of local NVMe storage."
    },
    {
        "type": "feature",
        "category": "ECS",
        "description": "This release of Amazon Elastic Container Service (Amazon ECS) introduces support for private registry authentication using AWS Secrets Manager. With private registry authentication, private Docker images can be used in a task definition."
    },
    {
        "type": "feature",
        "category": "ELBv2",
        "description": "We are introducing two new actions in Application Load Balancer. Redirects and Fixed Response. These features will allow you to improve user experience and security posture. By using redirect actions in your Application Load Balancer, you can improve the security of your user requests and by using fixed-response, you can enhance the customer experience by displaying branded error pages during application maintenance or outages."
    }
]