[
    {
        "type": "bugfix",
        "category": "react-native",
        "description": "Fixes issue where promise methods are undefined when using react-native 0.56.0. See [this issue](https://github.com/facebook/metro/issues/208) for more information."
    },
    {
        "type": "feature",
        "category": "Kinesis",
        "description": "Updates API to latest version."
    },
    {
        "type": "feature",
        "category": "Polly",
        "description": "Amazon Polly enables female voice Aditi to speak Hindi language"
    },
    {
        "type": "feature",
        "category": "ResourceGroups",
        "description": "AWS Resource Groups service added a new feature to filter group resources by resource-type when using the ListGroupResources operation."
    },
    {
        "type": "feature",
        "category": "SSM",
        "description": "This release updates AWS Systems Manager APIs to let customers create and use service-linked roles to register and edit Maintenance Window tasks."
    }
]