[
    {
        "type": "feature",
        "category": "EC2",
        "description": "Added support for T3 Instance type in EC2. To learn more about T3 instances, please see https://aws.amazon.com/ec2/instance-types/t3/"
    },
    {
        "type": "feature",
        "category": "ElasticBeanstalk",
        "description": "Elastic Beanstalk adds the \"Privileged\" field to the \"CPUUtilization\" type, to support enhanced health reporting in Windows environments."
    },
    {
        "type": "feature",
        "category": "RDS",
        "description": "Adds a paginator for the DescribeDBClusters operation."
    }
]