[
    {
        "type": "feature",
        "category": "Discovery",
        "description": "The Application Discovery Service's Continuous Export APIs allow you to analyze your on-premises server inventory data, including system performance and network dependencies, in Amazon Athena."
    },
    {
        "type": "feature",
        "category": "EC2",
        "description": "The 'Attribute' parameter DescribeVolumeAttribute request has been marked as required - the API has always required this parameter, but up until now this wasn't reflected appropriately in the SDK."
    },
    {
        "type": "feature",
        "category": "MediaConvert",
        "description": "Added WriteSegmentTimelineInRepresentation option for Dash Outputs"
    },
    {
        "type": "feature",
        "category": "Redshift",
        "description": "You can now resize your Amazon Redshift cluster quickly. With the new ResizeCluster action, your cluster is available for read and write operations within minutes"
    },
    {
        "type": "feature",
        "category": "SSM",
        "description": "AWS Systems Manager Inventory now supports groups to quickly see a count of which managed instances are and arent configured to collect one or more Inventory types"
    }
]