[
    {
        "type": "feature",
        "category": "DAX",
        "description": "Add the SSESpecification field to CreateCluster to allow creation of clusters with server-side encryption, and add the SSEDescription field to DescribeClusters to display the status of server-side encryption for a cluster. "
    },
    {
        "type": "feature",
        "category": "ECS",
        "description": "This release of Amazon Elastic Container Service (Amazon ECS) introduces support for Docker volumes and Docker volume drivers. Customers can now configure their ECS Tasks to use Docker volumes, enabling stateful and storage-intensive applications to be deployed on ECS."
    },
    {
        "type": "feature",
        "category": "RDS",
        "description": "Launch RDS Aurora Serverless"
    }
]