[
    {
        "type": "feature",
        "category": "IoTAnalytics",
        "description": "Added new listDatasetContent API that shows you the list of dataset contents for the corresponding versions"
    },
    {
        "type": "feature",
        "category": "Iot",
        "description": "This release adds support to create a Stream and Code signing for Amazon FreeRTOS job along with Over-the-air updates."
    },
    {
        "type": "feature",
        "category": "Signer",
        "description": "AWS Signer is a new feature that allows Amazon FreeRTOS (AFR) Over The Air (OTA) customers to cryptographically sign code using code-signing certificates managed by AWS Certificate Manager. "
    }
]