[
    {
        "type": "feature",
        "category": "AppStream",
        "description": "Added support for enabling persistent application settings for a stack. When these settings are enabled, changes that users make to applications and Windows settings are automatically saved after each session and applied to the next session."
    },
    {
        "type": "feature",
        "category": "DynamoDB",
        "description": "New feature for Amazon DynamoDB."
    },
    {
        "type": "feature",
        "category": "ELB",
        "description": "Documentation update for DescribeAccountLimits API to include classic-registered-instances."
    },
    {
        "type": "feature",
        "category": "S3",
        "description": "Parquet input format support added for the SelectObjectContent API"
    }
]