[
    {
        "type": "feature",
        "category": "IoTAnalytics",
        "description": "AWS IoT Analytics announces three new features:  (1) Bring Your Custom Container - import your custom authored code containers. (2) Automate Container Execution - lets you automate the execution of containers hosting custom authored analytical code or Jupyter Notebooks to perform continuous analysis. (3) Incremental Data Capture with Customizable Time Windows - enables users to perform analysis on new incremental data captured since the last analysis."
    },
    {
        "type": "feature",
        "category": "Iot",
        "description": "This release adds support for IoT Thing Group Indexing and Searching functionality."
    },
    {
        "type": "feature",
        "category": "LexModelBuildingService",
        "description": "Amazon Lex builds bot in two stages. After the first it sets status to READY_BASIC_TESTING. In this state the bot will match user inputs that exactly match the utterances configured for the bot's intents and values in the slot types. "
    },
    {
        "type": "feature",
        "category": "MediaLive",
        "description": "Adds two APIs for working with Channel Schedules: BatchUpdateSchedule and DescribeSchedule. These APIs allow scheduling actions for SCTE-35 message insertion and for static image overlays."
    },
    {
        "type": "feature",
        "category": "Rekognition",
        "description": "This release introduces a new API called DescribeCollection to Amazon Rekognition.  You can use DescribeCollection to get information about an existing face collection. Given the ID for a face collection, DescribeCollection returns the following information: the number of faces indexed into the collection, the version of the face detection model used by the collection, the Amazon Resource Name (ARN) of the collection and the creation date/time of the collection."
    }
]