[
    {
        "type": "feature",
        "category": "EKS",
        "description": "Amazon EKS DescribeCluster API returns a platformVersion attribute which allows you to identify the features that are currently enabled for your clusters. The Amazon EKS platform version represents capabilities of the cluster control plane, such as which Kubernetes API server flags are enabled, as well as the current Kubernetes patch version. "
    },
    {
        "type": "feature",
        "category": "WAF",
        "description": "This change includes support for the WAF FullLogging feature through which Customers will have access to all the logs of requests that are inspected by a WAF WebACL. The new APIs allow Customers to manage association of a WebACL with one or more supported \"LogDestination\" and redact any request fields from the logs. "
    },
    {
        "type": "feature",
        "category": "WAFRegional",
        "description": "This change includes support for the WAF FullLogging feature through which Customers will have access to all the logs of requests that are inspected by a WAF WebACL. The new APIs allow Customers to manage association of a WebACL with one or more supported \"LogDestination\" and redact any request fields from the logs. "
    }
]