[
    {
        "type": "bugfix",
        "category": "ReactNative",
        "description": "Fixes issue where attempting to use a Blob object as input to an operation would cause a parameter validaiton error in release mode."
    },
    {
        "type": "feature",
        "category": "Connect",
        "description": "This update adds the Amazon Connect Update Contact Attributes API, which lets you update contact attributes for contacts in your Amazon Connect instance."
    },
    {
        "type": "feature",
        "category": "EC2",
        "description": "Pagination Support for DescribeNetworkInterfaces API"
    },
    {
        "type": "feature",
        "category": "FMS",
        "description": "This update of Amazon Fire Wall Manager adds the ability to scope down the policy as well as to get all the member accounts belonging to a certain Fire Wall Manager admin account."
    }
]