[
    {
        "type": "feature",
        "category": "CloudHSMV2",
        "description": "With this release, we are adding 2 new APIs. DeleteBackup deletes a specified AWS CloudHSM backup. A backup can be restored up to 7 days after the DeleteBackup request. During this 7-day period, the backup will be in state PENDING_DELETION. Backups can be restored using the RestoreBackup API, which will move the backup from state PENDING_DELETION back to ACTIVE."
    },
    {
        "type": "feature",
        "category": "Redshift",
        "description": "Adding support to Redshift to change the encryption type after cluster creation completes."
    }
]