[
    {
        "type": "feature",
        "category": "CloudWatch",
        "description": "Amazon CloudWatch adds the ability to publish values and counts using PutMetricData"
    },
    {
        "type": "feature",
        "category": "CodeBuild",
        "description": "Support build logs configuration."
    },
    {
        "type": "feature",
        "category": "EC2",
        "description": "Added support for customers to tag EC2 Dedicated Hosts on creation."
    },
    {
        "type": "feature",
        "category": "ECS",
        "description": "This release of Amazon Elastic Container Service (Amazon ECS) introduces support for additional Docker flags as Task Definition parameters. Customers can now configure their ECS Tasks to use systemControls (sysctl), pseudoTerminal (tty), and interactive (i) Docker flags."
    },
    {
        "type": "feature",
        "category": "ElastiCache",
        "description": "ElastiCache for Redis added support for adding and removing read-replicas from any cluster with no cluster downtime, Shard naming: ElastiCache for Redis customers have the option of allowing ElastiCache to create names for their node groups (shards) or generating their own node group names. For more information, see https:// docs.aws.amazon.com/AmazonElastiCache/latest/APIReference/API_NodeGroupConfiguration.html, ShardsToRetain: When reducing the number of node groups (shards) in an ElastiCache for Redis (cluster mode enabled) you have the option of specifying which node groups to retain or which node groups to remove. For more information, see https:// docs.aws.amazon.com/AmazonElastiCache/latest/APIReference/API_ModifyReplicationGroupShardConfiguration.html, ReservationARN: ReservedNode includes an ARN, ReservationARN, member which identifies the reserved node. For more information, see https:// docs.aws.amazon.com/AmazonElastiCache/latest/APIReference/API_ReservedCacheNode.html"
    },
    {
        "type": "feature",
        "category": "ElasticTranscoder",
        "description": "Added support for MP2 container"
    }
]