[
    {
        "type": "bugfix",
        "category": "npmignore",
        "description": "update npmignore to exclude unit tests from npm"
    },
    {
        "type": "feature",
        "category": "CloudWatchEvents",
        "description": "AWS Events - AWS Organizations Support in Event-Bus Policies. This release introduces a new parameter in the PutPermission API named Condition. Using the Condition parameter, customers can allow one or more AWS Organizations to access their CloudWatch Events Event-Bus resource."
    }
]