[
    {
        "type": "feature",
        "category": "Chime",
        "description": "This is the initial release for the Amazon Chime AWS SDK. In this release, Amazon Chime adds support for administrative actions on users and accounts. API Documentation is also updated on https://docs.aws.amazon.com/chime/index.html"
    },
    {
        "type": "feature",
        "category": "Credentials",
        "description": "httpsOptions for STS in SharedIniFileCredentials"
    },
    {
        "type": "feature",
        "category": "DMS",
        "description": "Add waiters for TestConnectionSucceeds, EndpointDeleted, ReplicationInstanceAvailable, ReplicationInstanceDeleted, ReplicationTaskReady, ReplicationTaskStopped, ReplicationTaskRunning and ReplicationTaskDeleted."
    },
    {
        "type": "feature",
        "category": "RDS",
        "description": "This release adds the listener connection endpoint for SQL Server Always On to the list of fields returned when performing a describe-db-instances operation."
    }
]