[
    {
        "type": "feature",
        "category": "CloudDirectory",
        "description": "ListObjectParents API now supports a bool parameter IncludeAllLinksToEachParent, which if set to true, will return a ParentLinks list instead of a Parents map; BatchRead API now supports ListObjectParents operation."
    },
    {
        "type": "feature",
        "category": "Rekognition",
        "description": "This release updates the DetectLabels operation. Bounding boxes are now returned for certain objects, a hierarchical taxonomy is now available for labels, and you can now get the version of the detection model used for detection."
    }
]