[
    {
        "type": "feature",
        "category": "CostExplorer",
        "description": "Enable Payer Accounts to View Linked Account Recommendations. Payer Accounts can specify \"LINKED\" as scope in the request now. In the response, there is a new filed called AccountId in ReservationPurchaseRecommendationDetail for indicating which account is this recommendation detail belongs to."
    },
    {
        "type": "feature",
        "category": "DMS",
        "description": "Update the DMS TestConnectionSucceeds waiter."
    },
    {
        "type": "feature",
        "category": "EC2",
        "description": "VM Import/Export now supports generating encrypted EBS snapshots, as well as AMIs backed by encrypted EBS snapshots during the import process."
    }
]