[
    {
        "type": "feature",
        "category": "APIGateway",
        "description": "AWS WAF integration with APIGW. Changes for adding webAclArn as a part of  Stage output. When the user calls a get-stage or get-stages, webAclArn will also be returned as a part of the output."
    },
    {
        "type": "feature",
        "category": "EC2",
        "description": "You can now launch the new Amazon EC2 memory optimized R5a and general purpose M5a instances families that feature AMD EPYC processors."
    },
    {
        "type": "feature",
        "category": "Pinpoint",
        "description": "This update adds the ability to send transactional email by using the SendMessage API. Transactional emails are emails that you send directly to specific email addresses. Unlike campaign-based email that you send from Amazon Pinpoint, you don't have to create segments and campaigns in order to send transactional email."
    },
    {
        "type": "feature",
        "category": "PinpointEmail",
        "description": "This is the first release of the Amazon Pinpoint Email API. You can use this API to configure and send transactional email from your Amazon Pinpoint account to specific email addresses. Unlike campaign-based email that you send from Amazon Pinpoint, you don't have to create segments and campaigns in order to send transactional email. "
    },
    {
        "type": "feature",
        "category": "WAFRegional",
        "description": "You can now use AWS WAF to configure protections for your Amazon API Gateway APIs.  This will enable you to block (or count) undesired traffic to your APIs based on the different AWS WAF rules and conditions you create. For more information about AWS WAF, see the AWS WAF Developer Guide."
    }
]