[
    {
        "type": "feature",
        "category": "ECR",
        "description": "This release adds support for ECR repository tagging."
    },
    {
        "type": "feature",
        "category": "QuickSight",
        "description": "Amazon QuickSight's RegisterUser API now generates a user invitation URL when registering a user with the QuickSight identity type. This URL can then be used by the registered QuickSight user to complete the user registration process. This release also corrects some HTTP return status codes."
    }
]