[
    {
        "type": "feature",
        "category": "EKS",
        "description": "Added support for updating kubernetes version of Amazon EKS clusters."
    },
    {
        "type": "feature",
        "category": "Glue",
        "description": "API Update for Glue: this update enables encryption of password inside connection objects stored in AWS Glue Data Catalog using DataCatalogEncryptionSettings.  In addition, a new \"HidePassword\" flag is added to GetConnection and GetConnections to return connections without passwords."
    },
    {
        "type": "feature",
        "category": "Route53",
        "description": "You can now specify a new region, eu-north-1 (in Stockholm, Sweden), as a region for latency-based or geoproximity routing."
    },
    {
        "type": "feature",
        "category": "SageMaker",
        "description": "Amazon SageMaker Automatic Model Tuning now supports early stopping of training jobs. With early stopping, training jobs that are unlikely to generate good models will be automatically stopped during a Hyperparameter Tuning Job."
    }
]