[
    {
        "type": "feature",
        "category": "AlexaForBusiness",
        "description": "Alexa for Business now allows IT administrators to create ad-hoc or scheduled usage reports, which help customers understand how Alexa is used in their workplace. To learn how to create usage reports, see https://docs.aws.amazon.com/a4b/latest/ag/creating-reports.html"
    },
    {
        "type": "feature",
        "category": "DynamoDB",
        "description": "Add DynamoDB document client support for transaction operations"
    },
    {
        "type": "feature",
        "category": "EC2",
        "description": "You can now launch the larger-sized P3dn.24xlarge instance that features NVIDIA Tesla V100s with double the GPU memory, 100Gbps networking and local NVMe storage."
    },
    {
        "type": "feature",
        "category": "IAM",
        "description": "We are making it easier for you to manage your AWS Identity and Access Management (IAM) policy permissions by enabling you to retrieve the last timestamp when an IAM entity (e.g., user, role, or a group) accessed an AWS service. This feature also allows you to audit service access for your entities."
    }
]