[
    {
        "type": "feature",
        "category": "EC2",
        "description": "EC2 Spot: a) CreateFleet support for Single AvailabilityZone requests and b) support for paginated DescribeSpotInstanceRequests."
    },
    {
        "type": "feature",
        "category": "Iot",
        "description": "This release adds tagging support for rules of AWS IoT Rules Engine. Tags enable you to categorize your rules in different ways, for example, by purpose, owner, or environment. For more information about tagging, see AWS Tagging Strategies (https://aws.amazon.com/answers/account-management/aws-tagging-strategies/). For technical documentation, look for the tagging operations in the AWS IoT Core API reference or User Guide (https://docs.aws.amazon.com/iot/latest/developerguide/tagging-iot.html)."
    },
    {
        "type": "feature",
        "category": "SageMaker",
        "description": "SageMaker Training Jobs now support Inter-Container traffic encryption."
    }
]