[
    {
        "type": "feature",
        "category": "Backup",
        "description": "AWS Backup is a unified backup service designed to protect AWS services and their associated data. AWS Backup simplifies the creation, migration, restoration, and deletion of backups, while also providing reporting and auditing"
    },
    {
        "type": "feature",
        "category": "DynamoDB",
        "description": "Amazon DynamoDB now integrates with AWS Backup, a centralized backup service that makes it easy for customers to configure and audit the AWS resources they want to backup, automate backup scheduling, set retention policies, and monitor all recent backup and restore activity. AWS Backup provides a fully managed, policy-based backup solution, simplifying your backup management, and helping you meet your business and regulatory backup compliance requirements. For more information, see the Amazon DynamoDB Developer Guide."
    }
]