[
    {
        "type": "bugfix",
        "category": "S3 managed uploader",
        "description": "S3 managed uploader will not uriEscape tags when doing a multi-part upload."
    },
    {
        "type": "feature",
        "category": "ACMPCA",
        "description": "Added TagOnCreate parameter to the CreateCertificateAuthority operation, updated the Tag regex pattern to align with AWS tagging APIs, and added RevokeCertificate limit."
    },
    {
        "type": "feature",
        "category": "ApiGatewayManagementApi",
        "description": "Fixes a typo in the 'max' constraint."
    },
    {
        "type": "feature",
        "category": "WorkLink",
        "description": "This is the initial SDK release for Amazon WorkLink. Amazon WorkLink is a fully managed, cloud-based service that enables secure, one-click access to internal websites and web apps from mobile phones. With Amazon WorkLink, employees can access internal websites as seamlessly as they access any other website. IT administrators can manage users, devices, and domains by enforcing their own security and access policies via the AWS Console or the AWS SDK."
    }
]