[
    {
        "type": "feature",
        "category": "EC2",
        "description": "Add Linux with SQL Server Standard, Linux with SQL Server Web, and Linux with SQL Server Enterprise to the list of allowed instance platforms for On-Demand Capacity Reservations."
    },
    {
        "type": "feature",
        "category": "FSx",
        "description": "New optional ExportPath parameter added to the CreateFileSystemLustreConfiguration object for user-defined export paths. Used with the CreateFileSystem action when creating an Amazon FSx for Lustre file system."
    }
]