[
    {
        "type": "feature",
        "category": "AppStream",
        "description": "This API update includes support for tagging Stack, Fleet, and ImageBuilder resources at creation time."
    },
    {
        "type": "feature",
        "category": "DMS",
        "description": "Update for DMS TestConnectionSucceeds waiter"
    },
    {
        "type": "feature",
        "category": "Discovery",
        "description": "The Application Discovery Service's import APIs allow you to import information about your on-premises servers and applications into ADS so that you can track the status of your migrations through the Migration Hub console."
    },
    {
        "type": "feature",
        "category": "FMS",
        "description": "This release provides support for cleaning up web ACLs during Firewall Management policy deletion. You can now enable the DeleteAllPolicyResources flag and it will delete all system-generated web ACLs."
    },
    {
        "type": "feature",
        "category": "SSM",
        "description": "AWS Systems Manager State Manager now supports configuration management of all AWS resources through integration with Automation. "
    }
]