[
    {
        "type": "feature",
        "category": "DLM",
        "description": "This release is to correct the timestamp format to ISO8601 for the DateCreated and DateModified files in the GetLifecyclePolicy response object."
    },
    {
        "type": "feature",
        "category": "ECS",
        "description": "Amazon ECS introduces the PutAccountSettingDefault API, an API that allows a user to set the default ARN/ID format opt-in status for all the roles and users in the account. Previously, setting the account's default opt-in status required the use of the root user with the PutAccountSetting API."
    }
]