[
    {
        "type": "feature",
        "category": "DirectoryService",
        "description": "This release adds support for tags during directory creation (CreateDirectory, CreateMicrosoftAd, ConnectDirectory)."
    },
    {
        "type": "feature",
        "category": "EFS",
        "description": "Amazon EFS now supports adding tags to file system resources as part of the CreateFileSystem API . Using this capability, customers can now more easily enforce tag-based authorization for EFS file system resources."
    },
    {
        "type": "feature",
        "category": "Iot",
        "description": "AWS IoT - AWS IoT Device Defender adds support for configuring behaviors in a security profile with statistical thresholds. Device Defender also adds support for configuring multiple data-point evaluations before a violation is either created or cleared."
    },
    {
        "type": "feature",
        "category": "SSM",
        "description": "AWS Systems Manager now supports adding tags when creating Activations, Patch Baselines, Documents, Parameters, and Maintenance Windows"
    }
]