[
    {
        "type": "feature",
        "category": "EC2",
        "description": "This release adds tagging and ARN support for AWS Client VPN Endpoints.You can now run bare metal workloads on EC2 M5 and M5d instances. m5.metal and m5d.metal instances are powered by custom Intel Xeon Scalable Processors with a sustained all core frequency of up to 3.1 GHz. m5.metal and m5d.metal offer 96 vCPUs and 384 GiB of memory. With m5d.metal, you also have access to 3.6 TB of NVMe SSD-backed instance storage. m5.metal and m5d.metal instances deliver 25 Gbps of aggregate network bandwidth using Elastic Network Adapter (ENA)-based Enhanced Networking, as well as 14 Gbps of bandwidth to EBS.You can now run bare metal workloads on EC2 z1d instances. z1d.metal instances are powered by custom Intel Xeon Scalable Processors with a sustained all core frequency of up to 4.0 GHz. z1d.metal offers 48 vCPUs, 384 GiB of memory, and 1.8 TB of NVMe SSD-backed instance storage. z1d.metal instances deliver 25 Gbps of aggregate network bandwidth using Elastic Network Adapter (ENA)-based Enhanced Networking, as well as 14 Gbps of bandwidth to EBS."
    },
    {
        "type": "feature",
        "category": "KinesisVideo",
        "description": "Adds support for Tag-On-Create for Kinesis Video Streams. A list of tags associated with the stream can be created at the same time as the stream creation."
    }
]