[
    {
        "type": "feature",
        "category": "Athena",
        "description": "This release adds support for Workgroups to Amazon Athena. Use Workgroups to isolate users, teams, applications or workloads in the same account, control costs by setting up query limits and creating Amazon SNS alarms, and publish query-related metrics to Amazon CloudWatch. "
    },
    {
        "type": "feature",
        "category": "SecretsManager",
        "description": "This release increases the maximum allowed size of SecretString or SecretBinary from 4KB to 7KB in the CreateSecret, UpdateSecret, PutSecretValue and GetSecretValue APIs."
    }
]