[
    {
        "type": "feature",
        "category": "CodePipeline",
        "description": "Add support for viewing details of each action execution belonging to past and latest pipeline executions that have occurred in customer's pipeline. The details include start/updated times, action execution results, input/output artifacts information, etc. Customers also have the option to add pipelineExecutionId in the input to filter the results down to a single pipeline execution."
    },
    {
        "type": "feature",
        "category": "CognitoIdentity",
        "description": "This release adds tags and tag-based access control support to Amazon Cognito Identity Pools (Federated Identities). "
    },
    {
        "type": "feature",
        "category": "MarketplaceMetering",
        "description": "This release increases AWS Marketplace Metering Service maximum usage quantity to 2147483647 and makes parameters usage quantity and dryrun optional."
    },
    {
        "type": "feature",
        "category": "cors",
        "description": "add cors support for IAM and ResouceGroups services"
    }
]