[
    {
        "type": "feature",
        "category": "IoT1ClickProjects",
        "description": "This release adds tagging support for AWS IoT 1-Click Project resources. Use these APIs to add, remove, or list tags on Projects, and leverage the tags for various authorization and billing scenarios. This release also adds the ARN property to projects for DescribeProject and ListProject responses."
    },
    {
        "type": "feature",
        "category": "TranscribeService",
        "description": "Amazon Transcribe - support transcriptions from audio sources in German (de-DE) and Korean (ko-KR)."
    }
]