[
    {
        "type": "feature",
        "category": "DirectConnect",
        "description": "Direct Connect gateway enables you to establish connectivity between your on-premise networks and Amazon Virtual Private Clouds (VPCs) in any commercial AWS Region (except in China) using AWS Direct Connect connections at any AWS Direct Connect location. This release enables multi-account support for Direct Connect gateway, with multi-account support for Direct Connect gateway, you can associate up to ten VPCs from any AWS account with a Direct Connect gateway. The AWS accounts owning VPCs and the Direct Connect gateway must belong to the same AWS payer account ID. This release also enables Direct Connect Gateway owners to allocate allowed prefixes from each associated VPCs."
    },
    {
        "type": "feature",
        "category": "FMS",
        "description": "AWS Firewall Manager now allows customer to centrally enable AWS Shield Advanced DDoS protection for their entire AWS infrastructure, across accounts and applications."
    },
    {
        "type": "feature",
        "category": "IoT1ClickDevicesService",
        "description": "This release adds tagging support for AWS IoT 1-Click Device resources. Use these APIs to add, remove, or list tags on Devices, and leverage the tags for various authorization and billing scenarios. This release also adds the ARN property for DescribeDevice response object."
    },
    {
        "type": "feature",
        "category": "IoTAnalytics",
        "description": "This change allows you to specify the number of versions of IoT Analytics data set content to be retained. Previously, the number of versions was managed implicitly via the setting of the data set's retention period."
    },
    {
        "type": "feature",
        "category": "MediaConvert",
        "description": "This release adds support for detailed job progress status and S3 server-side output encryption. In addition, the anti-alias filter will now be automatically applied to all outputs"
    },
    {
        "type": "feature",
        "category": "Retry",
        "description": "make RequestThrottleException retryable"
    },
    {
        "type": "feature",
        "category": "RoboMaker",
        "description": "Added additional progress metadata fields for robot deployments"
    },
    {
        "type": "feature",
        "category": "TranscribeService",
        "description": "Amazon Transcribe - With this release Amazon Transcribe enhances the custom vocabulary feature to improve accuracy by providing customization on pronunciations and output formatting. "
    }
]