[
    {
        "type": "feature",
        "category": "Chime",
        "description": "This release adds support for the Amazon Chime Business Calling and Voice Connector features."
    },
    {
        "type": "feature",
        "category": "DMS",
        "description": "S3 Endpoint Settings added support for 1) Migrating to Amazon S3 as a target in Parquet format 2) Encrypting S3 objects after migration with custom KMS Server-Side encryption. Redshift Endpoint Settings added support for encrypting intermediate S3 objects during migration with custom KMS Server-Side encryption. "
    },
    {
        "type": "feature",
        "category": "EC2",
        "description": "DescribeFpgaImages API now returns a new DataRetentionSupport attribute to indicate if the AFI meets the requirements to support DRAM data retention. DataRetentionSupport is a read-only attribute."
    }
]