[
    {
        "type": "feature",
        "category": "Comprehend",
        "description": "With this release AWS Comprehend provides confusion matrix for custom document classifier."
    },
    {
        "type": "feature",
        "category": "Glue",
        "description": "AWS Glue now supports workerType choices in the CreateJob, UpdateJob, and StartJobRun APIs, to be used for memory-intensive jobs."
    },
    {
        "type": "feature",
        "category": "MediaConvert",
        "description": "Rectify incorrect modelling of DisassociateCertificate method"
    },
    {
        "type": "feature",
        "category": "MediaLive",
        "description": "Today AWS Elemental MediaLive (https://aws.amazon.com/medialive/) adds the option to create \"Single Pipeline\" channels, which offers a lower-cost option compared to Standard channels. MediaLive Single Pipeline channels have a single encoding pipeline rather than the redundant dual Availability Zone (AZ) pipelines that MediaLive provides with a \"Standard\" channel."
    },
    {
        "type": "feature",
        "category": "docs",
        "description": "update doc operation example to use 'NUMBER_VALUE' instead of 0 in input"
    }
]