[
    {
        "type": "feature",
        "category": "EC2",
        "description": "This release adds support for requester-managed Interface VPC Endpoints (powered by AWS PrivateLink). The feature prevents VPC endpoint owners from accidentally deleting or otherwise mismanaging the VPC endpoints of some AWS VPC endpoint services."
    },
    {
        "type": "feature",
        "category": "Polly",
        "description": "Amazon Polly adds Arabic language support with new female voice - \"Zeina\""
    }
]