[
    {
        "type": "feature",
        "category": "MediaLive",
        "description": "This release adds a new output locking mode synchronized to the Unix epoch."
    },
    {
        "type": "feature",
        "category": "PinpointEmail",
        "description": "This release adds support for using the Amazon Pinpoint Email API to tag the following types of Amazon Pinpoint resources: configuration sets; dedicated IP pools; deliverability dashboard reports; and, email identities. A tag is a label that you optionally define and associate with these types of resources. Tags can help you categorize and manage these resources in different ways, such as by purpose, owner, environment, or other criteria. A resource can have as many as 50 tags. For more information, see the Amazon Pinpoint Email API Reference."
    },
    {
        "type": "feature",
        "category": "ServiceCatalog",
        "description": "Adds \"Tags\" field in UpdateProvisionedProduct API. The product should have a new RESOURCE_UPDATE Constraint with TagUpdateOnProvisionedProduct field set to ALLOWED for it to work. See API docs for CreateConstraint for more information"
    },
    {
        "type": "feature",
        "category": "WorkSpaces",
        "description": "Amazon WorkSpaces adds tagging support for WorkSpaces Images, WorkSpaces directories, WorkSpaces bundles and IP Access control groups."
    }
]