[
    {
        "type": "bugfix",
        "category": "DocumentClient",
        "description": "Fixes issue stringifying sets by only including values."
    },
    {
        "type": "feature",
        "category": "CodePipeline",
        "description": "This release contains an update to the PipelineContext object that includes the Pipeline ARN, and the Pipeline Execution Id. The ActionContext object is also updated to include the Action Execution Id."
    },
    {
        "type": "feature",
        "category": "DirectConnect",
        "description": "This release adds support for AWS Direct Connect customers to use AWS Transit Gateway with AWS Direct Connect gateway to route traffic between on-premise networks and their VPCs."
    },
    {
        "type": "feature",
        "category": "ManagedBlockchain",
        "description": "(New Service) Amazon Managed Blockchain is a fully managed service that makes it easy to create and manage scalable blockchain networks using popular open source frameworks."
    },
    {
        "type": "feature",
        "category": "S3Control",
        "description": "Add support for Amazon S3 Batch Operations."
    },
    {
        "type": "feature",
        "category": "ServiceCatalog",
        "description": "Admin users can now associate/disassociate aws budgets with a portfolio or product in Service Catalog. End users can see the association by listing it or as part of the describe portfolio/product output. A new optional boolean parameter, \"DisableTemplateValidation\", is added to ProvisioningArtifactProperties data type. The purpose of the parameter is to enable or disable the CloudFormation template validtion when creating a product or a provisioning artifact."
    }
]