[
    {
        "type": "feature",
        "category": "IAM",
        "description": "We are making it easier for you to manage your permission guardrails i.e. service control policies by enabling you to retrieve the last timestamp when an AWS service was accessed within an account or AWS Organizations entity."
    },
    {
        "type": "feature",
        "category": "MediaPackage",
        "description": "Added two new origin endpoint fields for configuring which SCTE-35 messages are treated as advertisements."
    }
]