[
    {
        "type": "feature",
        "category": "EC2",
        "description": "This release introduces support for split tunnel with AWS Client VPN, and also adds support for opt-in Regions in DescribeRegions API. In addition, customers can now also tag Launch Templates on creation."
    },
    {
        "type": "feature",
        "category": "Glue",
        "description": "This release provides GlueVersion option for Job APIs and WorkerType option for DevEndpoint APIs. Job APIs enable users to pick specific GlueVersion for a specific job and pin the job to a specific runtime environment. DevEndpoint APIs enable users to pick different WorkerType for memory intensive workload."
    },
    {
        "type": "feature",
        "category": "Pinpoint",
        "description": "This release adds support for programmatic access to many of the same campaign metrics that are displayed on the Amazon Pinpoint console. You can now use the Amazon Pinpoint API to monitor and assess performance data for campaigns, and integrate metrics data with other reporting tools. We update the metrics data continuously, resulting in a data latency timeframe that is limited to approximately two hours."
    },
    {
        "type": "feature",
        "category": "STS",
        "description": "New STS GetAccessKeyInfo API operation that returns the account identifier for the specified access key ID."
    }
]