[
    {
        "type": "feature",
        "category": "ConfigService",
        "description": "This release adds more granularity to the status of an OrganizationConfigRule by adding a new status. It also adds an exception when organization access is denied."
    },
    {
        "type": "feature",
        "category": "DMS",
        "description": "S3 endpoint settings update: 1) Option to append operation column to full-load files. 2) Option to add a commit timestamp column to full-load and cdc files. Updated DescribeAccountAttributes to include UniqueAccountIdentifier."
    }
]