[
    {
        "type": "feature",
        "category": "SSM",
        "description": "You can now use Maintenance Windows to select a resource group as the target. By selecting a resource group as the target of a Maintenance Window, customers can perform routine tasks across different resources such as Amazon Elastic Compute Cloud (AmazonEC2) instances, Amazon Elastic Block Store (Amazon EBS) volumes, and Amazon Simple Storage Service(Amazon S3) buckets within the same recurring time window."
    },
    {
        "type": "feature",
        "category": "SecretsManager",
        "description": "This release increases the maximum allowed size of SecretString or SecretBinary from 7KB to 10KB in the CreateSecret, UpdateSecret, PutSecretValue and GetSecretValue APIs. This release also increases the maximum allowed size of ResourcePolicy from 4KB to 20KB in the GetResourcePolicy and PutResourcePolicy APIs."
    }
]