[
    {
        "type": "feature",
        "category": "ECS",
        "description": "This release of Amazon Elastic Container Service (Amazon ECS) introduces support for attaching Amazon Elastic Inference accelerators to your containers. This enables you to run deep learning inference workloads with hardware acceleration in a more efficient way."
    },
    {
        "type": "feature",
        "category": "GameLift",
        "description": "You can now make use of PKI resources to provide more secure connections between your game clients and servers.  To learn more, please refer to the public Amazon GameLift documentation."
    }
]