[
    {
        "type": "feature",
        "category": "EC2",
        "description": "G4 instances are Amazon EC2 instances based on NVIDIA T4 GPUs and are designed to provide cost-effective machine learning inference for applications, like image classification, object detection, recommender systems, automated speech recognition, and language translation. G4 instances are also a cost-effective platform for building and running graphics-intensive applications, such as remote graphics workstations, video transcoding, photo-realistic design, and game streaming in the cloud. To get started with G4 instances visit https://aws.amazon.com/ec2/instance-types/g4."
    },
    {
        "type": "feature",
        "category": "Greengrass",
        "description": "Greengrass OTA service now returns the updated software version in the PlatformSoftwareVersion parameter of a CreateSoftwareUpdateJob response"
    },
    {
        "type": "feature",
        "category": "RDS",
        "description": "Add a new LeaseID output field to DescribeReservedDBInstances, which shows the unique identifier for the lease associated with the reserved DB instance. AWS Support might request the lease ID for an issue related to a reserved DB instance."
    },
    {
        "type": "feature",
        "category": "WorkSpaces",
        "description": "Adds the WorkSpaces restore feature"
    }
]