[
    {
        "type": "feature",
        "category": "ComprehendMedical",
        "description": "Use Amazon Comprehend Medical to analyze medical text stored in the specified Amazon S3 bucket. Use the console to create and manage batch analysis jobs, or use the batch APIs to detect both medical entities and protected health information (PHI). The batch APIs start, stop, list, and retrieve information about batch analysis jobs. This release also includes DetectEntitiesV2 operation which returns the Acuity and Direction entities as attributes instead of types."
    },
    {
        "type": "feature",
        "category": "DataSync",
        "description": "Added S3StorageClass, OverwriteMode sync option, and ONLY_FILES_TRANSFERRED setting for the VerifyMode sync option."
    },
    {
        "type": "feature",
        "category": "TranscribeService",
        "description": "With this update Amazon Transcribe enables you to provide an AWS KMS key to encrypt your transcription output."
    }
]